INSERT INTO DATA_ASSET(ASSET_ID, ASSET_NAME)
VALUES(1, 'ASSET1');

INSERT INTO DATA_GROUP(GROUP_ID, GROUP_NAME, GROUP_CREAT_DATE, GROUP_ASSET_ID)
VALUES(1, 'GROUP1', curdate(), 1);

INSERT INTO DATA_GROUP(GROUP_ID, GROUP_NAME, GROUP_CREAT_DATE, GROUP_ASSET_ID)
VALUES(2, 'GROUP2', null, 1);


INSERT INTO DATA_ITEM(ITEM_ID, PROSPECT_EMAIL, EMAIL_ISP, ITEM_GROUP_ID)
VALUES(1, 'mail1@isp1.com', 'isp1', 1);
INSERT INTO DATA_ITEM(ITEM_ID, PROSPECT_EMAIL, EMAIL_ISP, ITEM_GROUP_ID)
VALUES(2, 'mail1@isp2.com', 'isp2.com', 1);
INSERT INTO DATA_ITEM(ITEM_ID, PROSPECT_EMAIL, EMAIL_ISP, ITEM_GROUP_ID)
VALUES(3, 'mail1@isp3.com', 'isp3', 1);
INSERT INTO DATA_ITEM(ITEM_ID, PROSPECT_EMAIL, EMAIL_ISP, ITEM_GROUP_ID)
VALUES(4, 'mail1@isp4.com', 'isp4', 1);
INSERT INTO DATA_ITEM(ITEM_ID, PROSPECT_EMAIL, EMAIL_ISP, ITEM_GROUP_ID)
VALUES(5, 'mail1@isp5.com', 'isp5', 1);
INSERT INTO DATA_ITEM(ITEM_ID, PROSPECT_EMAIL, EMAIL_ISP, ITEM_GROUP_ID)
VALUES(6, 'mail1@isp6.com', 'isp6', 2);
INSERT INTO DATA_ITEM(ITEM_ID, PROSPECT_EMAIL, EMAIL_ISP, ITEM_GROUP_ID)
VALUES(7, 'mail1@isp7.com', 'isp7', 2);
INSERT INTO DATA_ITEM(ITEM_ID, PROSPECT_EMAIL, EMAIL_ISP, ITEM_GROUP_ID)
VALUES(8, 'mail1@isp8.com', 'isp8', 2);
INSERT INTO DATA_ITEM(ITEM_ID, PROSPECT_EMAIL, EMAIL_ISP, ITEM_GROUP_ID)
VALUES(9, 'mail1@isp9.com', 'isp9', 2);
INSERT INTO DATA_ITEM(ITEM_ID, PROSPECT_EMAIL, EMAIL_ISP, ITEM_GROUP_ID)
VALUES(10, 'mail1@isp0.com', 'isp0', 2); 

insert into SUPPRESSION_INFO (SINFO_ID,SUPPRESSION_ID, SUPPRESSION_LOCATION  ) values (1, 1,  'src\main\resources\suppression\HiPath_unzip\id-1__28-07-2020_06-00-15_306-PM');
insert into SUPPRESSION_FILTERED_GROUP (SFG_GROUP_ID   ,SFG_SINFO_ID ,FILTERED_DATA_COUNT ) values (1,1,'3');
insert into SUPPRESSION_FILTERED_GROUP (SFG_GROUP_ID   ,SFG_SINFO_ID ,FILTERED_DATA_COUNT ) values (2,1,'3');








INSERT INTO DATA_ASSET(ASSET_ID, ASSET_NAME)
VALUES(2, 'ASSET2');

INSERT INTO DATA_GROUP(GROUP_ID, GROUP_NAME, GROUP_CREAT_DATE, GROUP_ASSET_ID)
VALUES(3, 'GROUP3', curdate(), 2);

INSERT INTO DATA_GROUP(GROUP_ID, GROUP_NAME, GROUP_CREAT_DATE, GROUP_ASSET_ID)
VALUES(4, 'GROUP4', null, 2);

INSERT INTO DATA_GROUP(GROUP_ID, GROUP_NAME, GROUP_CREAT_DATE, GROUP_ASSET_ID)VALUES(1111, 'GROUP4', null, 2);
INSERT INTO DATA_GROUP(GROUP_ID, GROUP_NAME, GROUP_CREAT_DATE, GROUP_ASSET_ID)VALUES(5, 'GROUP4', null, 2);
INSERT INTO DATA_GROUP(GROUP_ID, GROUP_NAME, GROUP_CREAT_DATE, GROUP_ASSET_ID)VALUES(6, 'GROUP4', null, 2);
INSERT INTO DATA_GROUP(GROUP_ID, GROUP_NAME, GROUP_CREAT_DATE, GROUP_ASSET_ID)VALUES(7, 'GROUP4', null, 2);
INSERT INTO DATA_GROUP(GROUP_ID, GROUP_NAME, GROUP_CREAT_DATE, GROUP_ASSET_ID)VALUES(8, 'GROUP4', null, 2);
INSERT INTO DATA_GROUP(GROUP_ID, GROUP_NAME, GROUP_CREAT_DATE, GROUP_ASSET_ID)VALUES(9, 'GROUP4', null, 2);
INSERT INTO DATA_GROUP(GROUP_ID, GROUP_NAME, GROUP_CREAT_DATE, GROUP_ASSET_ID)VALUES(3455, 'GROUP4', null, 2);
INSERT INTO DATA_GROUP(GROUP_ID, GROUP_NAME, GROUP_CREAT_DATE, GROUP_ASSET_ID)VALUES(14, 'GROUP4', null, 2);
INSERT INTO DATA_GROUP(GROUP_ID, GROUP_NAME, GROUP_CREAT_DATE, GROUP_ASSET_ID)VALUES(24, 'GROUP4', null, 2);
INSERT INTO DATA_GROUP(GROUP_ID, GROUP_NAME, GROUP_CREAT_DATE, GROUP_ASSET_ID)VALUES(34, 'GROUP4', null, 2);
INSERT INTO DATA_GROUP(GROUP_ID, GROUP_NAME, GROUP_CREAT_DATE, GROUP_ASSET_ID)VALUES(404, 'GROUP4', null, 2);
INSERT INTO DATA_GROUP(GROUP_ID, GROUP_NAME, GROUP_CREAT_DATE, GROUP_ASSET_ID)VALUES(54, 'GROUP4', null, 2);
INSERT INTO DATA_GROUP(GROUP_ID, GROUP_NAME, GROUP_CREAT_DATE, GROUP_ASSET_ID)VALUES(541, 'GROUP4', null, 2);
INSERT INTO DATA_GROUP(GROUP_ID, GROUP_NAME, GROUP_CREAT_DATE, GROUP_ASSET_ID)VALUES(64, 'GROUP4', null, 2);
INSERT INTO DATA_GROUP(GROUP_ID, GROUP_NAME, GROUP_CREAT_DATE, GROUP_ASSET_ID)VALUES(74, 'GROUP4', null, 2);
INSERT INTO DATA_GROUP(GROUP_ID, GROUP_NAME, GROUP_CREAT_DATE, GROUP_ASSET_ID)VALUES(84, 'GROUP4', null, 2);
INSERT INTO DATA_GROUP(GROUP_ID, GROUP_NAME, GROUP_CREAT_DATE, GROUP_ASSET_ID)VALUES(94, 'GROUP4', null, 2);
INSERT INTO DATA_GROUP(GROUP_ID, GROUP_NAME, GROUP_CREAT_DATE, GROUP_ASSET_ID)VALUES(504, 'GROUP4', null, 2);
INSERT INTO DATA_GROUP(GROUP_ID, GROUP_NAME, GROUP_CREAT_DATE, GROUP_ASSET_ID)VALUES(40, 'GROUP4', null, 2);
INSERT INTO DATA_GROUP(GROUP_ID, GROUP_NAME, GROUP_CREAT_DATE, GROUP_ASSET_ID)VALUES(114, 'GROUP4', null, 2);
INSERT INTO DATA_GROUP(GROUP_ID, GROUP_NAME, GROUP_CREAT_DATE, GROUP_ASSET_ID)VALUES(141, 'GROUP4', null, 2);
INSERT INTO DATA_GROUP(GROUP_ID, GROUP_NAME, GROUP_CREAT_DATE, GROUP_ASSET_ID)VALUES(412, 'GROUP4', null, 2);
INSERT INTO DATA_GROUP(GROUP_ID, GROUP_NAME, GROUP_CREAT_DATE, GROUP_ASSET_ID)VALUES(254, 'GROUP4', null, 2);
INSERT INTO DATA_GROUP(GROUP_ID, GROUP_NAME, GROUP_CREAT_DATE, GROUP_ASSET_ID)VALUES(242, 'GROUP4', null, 2);
INSERT INTO DATA_GROUP(GROUP_ID, GROUP_NAME, GROUP_CREAT_DATE, GROUP_ASSET_ID)VALUES(134, 'GROUP4', null, 2);
INSERT INTO DATA_GROUP(GROUP_ID, GROUP_NAME, GROUP_CREAT_DATE, GROUP_ASSET_ID)VALUES(43, 'GROUP4', null, 2);
INSERT INTO DATA_GROUP(GROUP_ID, GROUP_NAME, GROUP_CREAT_DATE, GROUP_ASSET_ID)VALUES(343, 'GROUP4', null, 2);
INSERT INTO DATA_GROUP(GROUP_ID, GROUP_NAME, GROUP_CREAT_DATE, GROUP_ASSET_ID)VALUES(44, 'GROUP4', null, 2);
INSERT INTO DATA_GROUP(GROUP_ID, GROUP_NAME, GROUP_CREAT_DATE, GROUP_ASSET_ID)VALUES(46, 'GROUP4', null, 2);
INSERT INTO DATA_GROUP(GROUP_ID, GROUP_NAME, GROUP_CREAT_DATE, GROUP_ASSET_ID)VALUES(746, 'GROUP4', null, 2);
